<?xml version="1.0" encoding="UTF-8"?>
<project-private xmlns="http://www.netbeans.org/ns/project-private/1">
    <editor-bookmarks xmlns="http://www.netbeans.org/ns/editor-bookmarks/2" lastBookmarkId="0"/>
    <open-files xmlns="http://www.netbeans.org/ns/projectui-open-files/2">
        <group>
            <file>file:/C:/Users/Aluno/Downloads/CineABC-20250613T000431Z-1-001/CineABC/src/visao/CadastrarSala.java</file>
            <file>file:/C:/Users/Aluno/Downloads/CineABC-20250613T000431Z-1-001/CineABC/src/visao/TelaPrincipal.java</file>
            <file>file:/C:/Users/Aluno/Downloads/CineABC-20250613T000431Z-1-001/CineABC/src/visao/CadastrarSessao.java</file>
            <file>file:/C:/Users/Aluno/Downloads/CineABC-20250613T000431Z-1-001/CineABC/src/persistencia/CinePersistence.java</file>
        </group>
    </open-files>
</project-private>
